PM2.5,PM10,NO2,SO2,CO,O3,Temp_C,Humidity,AQI
73.67,96.59,34.63,31.91,2.09,37.55,31.7,41.7,160.0
171.62,261.75,33.52,36.87,2.86,43.14,23.1,48.4,343.0
134.44,231.74,82.97,15.02,2.71,69.82,35.7,77.4,288.0
111.77,183.23,33.72,29.99,0.71,33.8,31.0,74.5,220.0
36.52,61.5,35.4,27.87,0.69,70.88,22.8,55.8,80.0
36.52,58.26,71.95,38.31,1.08,16.17,37.3,57.0,102.0
19.87,32.1,48.73,41.24,1.39,64.38,29.3,64.0,66.0
157.25,268.82,73.25,5.49,1.55,69.33,21.3,40.0,321.0
112.19,151.43,19.9,31.96,2.44,22.73,31.3,50.9,218.0
130.37,194.73,51.57,7.07,0.39,40.12,24.6,49.4,247.0
13.5,17.99,17.52,26.95,0.31,21.58,34.5,51.3,25.0
174.88,313.5,19.7,16.51,1.49,59.46,34.7,76.3,345.0
151.52,267.64,82.98,17.27,2.5,47.47,37.6,52.6,334.0
46.1,56.41,25.44,19.12,0.84,54.47,29.0,48.6,95.0
40.91,66.41,54.93,29.85,2.32,23.75,28.2,62.7,127.0
41.18,72.27,45.83,18.36,1.06,24.82,33.6,79.0,98.0
61.72,80.75,41.05,34.31,3.12,12.9,22.4,50.9,155.0
99.21,152.86,82.49,21.18,3.16,32.54,29.8,43.5,232.0
83.43,145.94,16.64,7.73,1.18,49.18,29.8,56.0,175.0
59.51,72.62,64.78,36.35,0.96,70.06,21.6,73.6,125.0
114.01,184.53,87.25,16.43,1.56,56.68,27.5,64.8,242.0
33.71,46.47,57.01,22.31,0.99,40.48,35.4,76.8,91.0
59.66,104.69,85.26,32.42,2.42,76.72,35.4,83.2,160.0
72.28,128.85,18.92,18.3,2.93,60.35,21.8,75.7,165.0
87.53,154.63,46.41,7.26,2.42,75.11,21.6,67.2,199.0
143.48,213.0,34.51,19.96,2.92,46.93,24.7,62.2,292.0
43.94,75.46,69.81,42.78,1.51,28.12,35.7,41.8,125.0
97.42,166.27,88.6,30.67,0.72,13.7,22.3,84.3,209.0
110.71,154.05,34.24,31.86,2.64,60.83,33.0,57.3,232.0
17.9,30.38,64.06,30.29,1.39,18.49,21.8,46.9,61.0
113.28,138.45,29.86,12.96,2.42,31.19,31.2,70.0,216.0
38.99,60.74,57.4,21.73,1.09,47.27,26.4,52.8,96.0
21.06,28.18,49.79,35.04,0.47,49.51,34.2,66.4,54.0
171.31,217.97,87.9,9.05,3.48,52.04,24.2,66.4,344.0
174.16,217.03,60.64,16.11,0.72,21.64,31.5,60.1,309.0
147.43,238.5,41.21,16.05,3.46,36.58,24.2,77.6,309.0
61.78,86.74,23.56,22.28,3.43,53.2,32.8,51.9,152.0
26.6,43.49,26.34,44.21,2.82,77.89,35.7,60.2,88.0
126.32,156.54,31.9,7.7,2.38,60.93,22.3,64.2,235.0
84.83,117.84,33.82,25.75,2.11,74.58,35.6,69.9,175.0
30.75,46.85,78.8,12.17,3.06,63.35,30.7,75.3,112.0
94.18,157.7,57.09,43.83,1.16,51.42,22.3,57.8,197.0
15.85,22.05,54.25,9.53,1.74,23.44,27.7,69.1,64.0
164.58,259.31,23.61,21.14,2.24,56.67,22.9,46.8,319.0
53.99,93.49,79.51,34.52,1.56,53.64,32.6,82.0,137.0
122.63,192.47,69.21,33.18,1.61,52.17,33.7,57.2,258.0
62.99,84.39,20.08,21.91,1.29,44.29,21.9,72.8,119.0
98.41,119.53,68.09,18.86,2.06,47.01,29.1,40.9,198.0
102.94,177.27,55.77,20.9,3.01,33.41,34.7,49.2,251.0
41.43,50.24,21.13,15.57,0.87,46.35,36.9,61.9,77.0
174.83,301.55,49.37,13.21,3.28,23.83,29.2,79.5,360.0
141.77,215.12,51.35,24.32,2.47,66.36,37.1,63.7,291.0
169.71,299.28,27.43,15.74,2.92,23.0,29.6,81.8,339.0
162.12,272.24,85.93,16.5,2.04,15.95,27.1,61.8,336.0
111.64,200.82,78.75,31.27,2.77,40.54,35.3,62.1,271.0
166.72,235.14,65.18,43.74,0.25,56.08,28.9,45.4,292.0
25.04,41.58,49.67,29.15,2.9,40.64,28.5,76.1,84.0
43.32,62.43,45.88,8.08,0.33,29.37,28.8,51.1,83.0
17.69,26.32,63.82,8.02,3.14,49.07,35.2,80.5,91.0
65.31,102.96,55.91,43.06,3.47,34.29,35.0,81.0,177.0
76.08,131.17,19.67,16.89,1.17,75.3,27.3,82.4,154.0
56.13,100.5,53.44,8.68,0.89,74.59,26.0,63.4,132.0
150.89,250.62,75.48,28.96,2.73,45.17,28.9,70.5,329.0
70.65,102.49,49.44,29.95,1.03,32.95,30.3,75.0,155.0
57.76,83.91,18.9,30.94,3.06,61.6,24.3,45.9,138.0
102.26,167.96,73.97,15.7,0.54,12.57,34.3,67.0,197.0
33.96,45.61,30.1,5.6,0.62,43.23,28.8,41.5,68.0
146.37,185.35,34.4,43.6,3.43,33.54,26.0,62.4,285.0
22.67,32.03,27.35,15.04,2.42,74.44,21.9,47.0,74.0
177.77,243.96,39.77,32.04,2.99,10.84,24.3,48.2,340.0
141.28,194.66,71.76,33.27,1.27,48.7,37.1,56.4,276.0
43.78,58.67,53.95,29.4,2.43,61.85,25.5,59.5,123.0
10.94,13.4,30.37,17.52,2.16,43.95,23.0,68.0,52.0
148.63,179.95,80.84,15.84,2.19,15.98,28.3,43.3,291.0
130.17,233.34,80.97,28.91,2.45,78.07,25.5,62.7,292.0
133.93,195.09,80.29,39.64,2.1,46.26,20.6,48.2,275.0
141.12,201.88,32.91,42.87,1.62,52.99,25.8,65.8,270.0
22.59,36.32,48.84,9.24,1.11,26.56,29.8,68.7,68.0
70.94,94.42,88.87,11.19,2.74,43.84,29.9,65.1,186.0
29.7,52.56,72.9,42.79,0.95,40.04,26.4,73.2,80.0
156.73,262.02,17.04,34.46,2.48,15.24,28.1,55.1,310.0
115.96,145.37,19.89,40.32,0.97,17.43,37.4,74.4,203.0
66.25,96.1,49.79,13.11,2.26,68.62,26.8,59.5,156.0
20.8,35.94,83.19,28.5,2.67,26.79,24.6,61.8,101.0
62.87,111.08,55.4,33.05,0.92,23.65,24.4,69.2,141.0
65.28,96.64,52.34,32.2,0.4,45.34,28.2,40.8,124.0
134.03,210.17,22.91,21.33,0.63,63.81,33.7,69.4,250.0
118.38,153.93,64.26,5.62,2.2,14.34,23.7,67.8,241.0
160.83,288.63,76.66,28.32,3.0,50.38,32.8,53.9,342.0
90.28,120.88,43.53,15.12,0.35,18.34,20.4,43.9,165.0
30.33,53.55,73.17,23.01,2.62,12.55,27.5,44.1,100.0
131.25,208.66,87.34,43.3,1.33,13.69,34.0,81.5,267.0
139.33,218.01,30.28,20.96,1.78,68.39,26.1,71.0,266.0
105.42,158.93,54.25,38.59,3.27,18.26,30.1,45.7,239.0
141.06,188.8,36.54,12.54,1.3,13.16,23.7,56.1,258.0
93.95,122.68,74.46,31.9,1.74,40.65,33.4,66.7,189.0
98.86,131.72,58.32,44.08,0.25,69.08,20.9,77.6,186.0
82.68,108.47,62.59,9.08,0.47,28.37,35.3,42.0,152.0
14.32,23.88,74.84,5.33,1.05,39.52,23.6,50.6,62.0
28.34,39.96,44.7,22.34,0.29,12.79,35.7,80.0,60.0
15.34,18.94,83.63,8.71,2.28,41.44,26.3,40.4,75.0
118.19,210.55,54.98,34.94,1.61,50.43,33.0,49.1,253.0
63.44,109.77,26.85,41.58,2.01,49.96,25.7,83.2,148.0
96.46,169.44,67.19,22.36,0.78,33.27,36.3,67.6,210.0
164.29,295.21,74.49,15.35,1.18,32.09,22.3,51.8,335.0
52.38,68.32,38.76,22.38,2.39,17.46,23.2,43.0,127.0
79.77,114.68,79.29,33.94,3.39,35.68,28.9,41.3,196.0
138.44,229.12,82.96,5.36,0.37,16.96,21.5,51.0,274.0
48.9,79.09,35.77,28.58,3.14,63.66,23.5,79.7,136.0
23.09,29.84,88.76,29.53,2.1,77.64,37.0,58.7,89.0
59.26,100.12,25.55,30.51,2.06,77.91,37.6,72.4,129.0
37.41,49.93,30.15,14.68,1.85,70.55,26.8,81.3,94.0
168.05,224.23,28.82,33.56,0.43,52.06,36.6,58.4,290.0
147.38,224.34,82.05,8.66,0.5,59.06,29.8,48.6,279.0
117.68,183.08,64.07,12.97,2.18,29.96,24.9,63.3,242.0
158.15,244.82,26.41,40.1,1.33,54.15,32.6,80.9,303.0
146.62,184.0,48.02,34.55,3.23,41.9,31.9,76.2,290.0
41.72,72.02,61.15,5.55,1.54,43.74,37.8,43.0,110.0
161.74,219.86,21.26,14.94,0.67,63.04,24.8,71.2,275.0
101.69,129.93,81.18,13.58,2.56,29.73,32.1,65.7,215.0
147.26,255.25,75.27,15.83,1.17,32.26,20.9,80.8,307.0
162.34,287.88,52.89,14.9,1.93,74.72,22.0,45.5,333.0
64.06,110.01,87.53,7.5,2.5,13.94,20.1,64.0,168.0
28.71,48.39,46.33,23.36,3.17,43.99,38.0,79.6,105.0
48.75,77.66,88.81,34.31,2.81,73.9,34.4,58.5,141.0
82.61,126.43,65.09,29.27,2.43,52.73,34.2,61.7,198.0
149.06,186.65,62.6,31.91,2.44,48.25,29.2,43.2,293.0
156.32,225.9,27.45,8.25,3.32,27.48,25.4,52.5,308.0
11.18,15.92,81.14,43.06,1.18,34.03,22.7,54.6,54.0
96.83,131.28,47.06,38.54,0.2,69.64,25.1,82.5,162.0
80.96,132.29,27.17,37.2,1.1,49.15,26.8,52.7,156.0
47.76,71.52,15.95,37.92,0.92,46.03,33.6,60.7,90.0
30.38,37.93,56.98,42.31,2.38,16.97,29.7,70.2,95.0
67.39,89.78,54.55,26.77,2.29,11.12,21.4,47.3,152.0
170.29,274.17,68.95,13.01,2.16,77.46,20.3,61.9,337.0
64.94,80.9,81.77,29.67,0.25,36.39,21.8,73.2,130.0
98.19,167.98,20.96,34.72,2.6,52.22,27.4,79.0,215.0
129.51,193.89,69.86,34.52,1.27,15.58,36.8,68.2,259.0
71.82,106.89,29.06,25.86,2.39,57.82,31.5,70.1,150.0
175.2,272.52,79.36,7.74,2.04,75.28,34.4,45.7,349.0
173.62,294.25,76.43,19.84,1.33,50.3,28.4,82.6,341.0
52.8,74.38,55.56,41.83,0.64,18.83,26.5,46.0,117.0
94.53,151.9,68.27,28.38,0.51,50.72,22.0,74.9,195.0
61.15,94.14,38.58,26.53,2.94,63.64,35.8,51.9,147.0
58.42,79.47,50.34,15.75,3.23,38.45,34.1,82.0,146.0
16.27,28.1,76.62,19.74,2.34,71.59,23.0,72.4,78.0
113.63,190.72,49.44,40.81,0.54,55.41,29.2,73.9,211.0
95.46,152.26,41.83,31.66,1.53,72.95,28.8,49.9,198.0
18.75,32.07,52.07,36.5,2.61,53.65,31.3,59.9,79.0
57.37,98.7,77.12,23.17,2.77,19.19,37.0,67.8,164.0
164.41,267.16,40.14,30.21,0.59,31.68,30.4,74.6,301.0
50.73,86.35,28.03,14.94,0.2,24.13,29.7,44.7,98.0
34.63,56.05,68.4,33.22,2.55,73.62,20.9,83.3,104.0
93.21,149.88,76.95,22.1,1.38,63.23,21.1,80.1,197.0
177.56,278.98,22.55,22.7,1.04,57.35,23.4,52.2,320.0
51.15,84.48,32.99,30.97,0.24,31.07,20.6,77.0,108.0
124.26,160.94,25.65,42.45,1.98,22.88,33.4,63.3,229.0
139.48,241.09,41.1,7.56,3.01,62.95,33.0,60.8,299.0
50.4,86.84,48.78,37.99,3.36,43.19,22.4,54.1,143.0
133.8,162.9,71.16,16.7,2.07,25.81,35.0,66.1,252.0
72.52,122.96,63.84,22.76,1.9,53.16,22.8,72.8,170.0
117.49,150.08,61.57,5.88,0.48,12.82,25.4,58.5,217.0
117.7,164.91,41.43,17.04,2.01,32.83,24.5,68.3,226.0
101.08,166.39,78.11,25.11,1.45,42.8,26.7,71.5,223.0
25.35,32.86,50.35,7.25,2.2,20.36,24.6,72.0,78.0
152.0,257.0,88.43,24.64,1.48,78.93,28.8,42.3,312.0
64.53,109.66,62.56,42.08,0.99,24.64,27.3,78.7,148.0
41.71,62.75,24.47,9.22,0.51,19.12,37.8,60.6,81.0
16.93,20.38,65.71,35.58,1.24,24.25,21.0,51.8,62.0
110.45,151.56,39.38,21.39,0.52,63.83,22.6,50.9,199.0
125.19,196.56,66.47,31.21,0.78,39.79,21.0,61.7,246.0
12.82,22.93,20.22,15.41,3.46,49.58,31.3,79.9,59.0
97.06,153.26,28.12,11.38,1.67,11.47,21.0,57.0,187.0
48.5,65.77,79.18,11.42,1.96,12.41,35.1,73.7,130.0
119.68,189.14,32.04,7.82,3.08,41.21,29.2,44.4,259.0
39.64,60.41,77.78,12.43,3.49,67.17,29.5,61.4,128.0
127.46,212.59,35.95,31.57,2.12,71.97,30.1,84.6,260.0
75.75,95.76,63.22,40.27,2.88,16.07,23.1,74.7,177.0
169.24,280.37,67.06,37.57,1.28,47.69,23.6,49.5,337.0
33.38,50.89,53.45,32.41,1.21,73.93,25.7,62.6,77.0
67.98,120.86,37.9,9.42,1.53,37.16,30.7,50.5,148.0
29.29,41.16,30.95,16.57,2.42,68.07,23.8,58.4,85.0
167.2,264.1,17.49,17.39,2.45,19.36,22.1,75.1,328.0
159.15,279.98,37.8,15.0,1.24,75.48,37.5,74.7,326.0
53.85,67.93,63.99,25.6,0.64,62.6,20.4,50.3,112.0
122.2,215.35,85.37,26.42,2.29,75.89,34.4,81.5,267.0
148.93,240.18,80.34,19.28,0.62,57.36,34.2,66.7,293.0
104.38,129.51,72.45,19.15,2.11,35.44,25.3,57.1,220.0
100.04,138.11,74.13,38.14,2.49,75.67,22.4,62.6,218.0
51.11,83.06,64.87,36.57,2.51,29.29,22.6,67.2,135.0
25.83,32.04,34.52,17.31,2.69,33.25,32.6,65.2,89.0
162.53,251.8,83.04,41.55,3.08,59.06,31.6,61.9,345.0
163.07,229.53,65.3,43.11,1.85,63.57,34.1,62.7,308.0
117.63,184.97,57.03,18.07,2.61,75.06,36.9,47.9,254.0
67.64,83.02,23.32,19.18,2.24,24.34,32.5,76.6,147.0
69.37,119.51,48.53,25.23,0.82,65.86,22.8,64.4,154.0
133.41,238.02,49.53,42.64,0.28,61.7,24.4,45.9,260.0
162.51,289.48,79.84,40.05,1.14,14.47,35.2,74.5,330.0
160.8,265.29,56.0,9.1,1.66,37.11,23.8,82.0,326.0
142.58,182.22,43.53,20.71,2.24,29.79,21.3,82.6,264.0
119.15,197.18,88.26,27.13,3.0,31.31,32.7,56.6,275.0
24.3,29.52,23.3,25.13,0.85,78.81,27.2,46.1,49.0
37.48,45.47,46.69,12.75,0.61,54.99,36.6,63.3,86.0
162.75,226.91,18.15,39.35,3.38,60.24,31.7,45.1,315.0
113.09,168.87,70.49,32.08,0.56,78.36,21.6,82.0,226.0
11.56,19.22,83.86,38.52,1.78,36.4,37.1,48.3,69.0
27.25,43.87,36.0,39.35,2.13,66.13,24.7,51.4,78.0
122.8,180.21,79.38,34.93,1.99,40.42,26.1,58.3,262.0
10.86,14.82,36.92,22.57,0.48,70.87,27.2,57.2,43.0
37.34,67.14,83.31,29.42,0.39,22.65,20.9,75.8,102.0
103.28,150.35,71.55,11.41,0.55,76.34,28.9,60.5,198.0
127.62,187.71,75.37,31.95,2.13,25.31,22.2,47.7,262.0
120.83,156.86,16.35,12.17,2.0,32.84,27.2,52.0,225.0
48.13,80.7,87.21,32.76,0.97,62.93,26.3,62.9,120.0
131.07,211.84,69.5,14.18,2.3,37.56,33.9,46.6,286.0
50.33,67.07,37.86,9.7,2.91,52.57,34.5,67.5,129.0
65.32,81.61,77.2,11.61,0.34,41.12,22.8,65.5,118.0
136.9,220.18,36.11,5.08,1.84,61.97,26.6,72.2,273.0
120.44,191.82,80.46,33.75,2.47,25.98,26.7,82.2,261.0
154.37,210.55,23.44,34.3,1.03,14.09,22.7,81.1,273.0
121.79,215.64,67.78,25.6,1.22,31.0,34.4,82.6,253.0
106.61,137.6,55.55,11.45,2.23,43.2,32.7,51.0,220.0
25.92,37.83,22.24,8.34,3.16,21.76,23.4,45.9,94.0
72.51,128.07,33.14,5.77,2.87,34.84,26.6,53.6,177.0
55.08,79.97,15.93,11.63,2.12,38.0,21.9,80.3,121.0
51.48,81.5,50.16,40.63,2.61,14.02,31.3,83.7,135.0
175.41,252.34,37.59,14.66,1.4,50.83,22.2,78.7,322.0
76.83,104.83,59.88,19.17,2.32,71.9,37.7,45.0,168.0
161.65,289.41,37.29,9.21,1.74,20.62,34.1,82.6,329.0
117.29,169.56,37.49,13.89,0.83,51.85,27.0,59.1,220.0
145.12,251.99,70.74,25.77,2.52,56.53,30.4,40.4,320.0
95.45,127.71,18.61,29.31,2.04,39.35,36.4,59.9,192.0
108.07,143.51,82.72,14.81,1.38,59.08,30.0,42.1,214.0
93.73,114.22,78.92,7.31,3.21,38.75,23.1,64.5,215.0
43.19,68.72,65.09,20.64,0.27,45.32,26.8,55.2,93.0
132.82,188.75,59.49,14.37,1.24,10.51,35.2,61.3,258.0
57.73,99.22,81.92,13.78,0.39,58.42,31.6,67.6,130.0
14.13,20.97,28.9,43.39,2.73,56.29,31.7,79.1,60.0
119.73,213.23,20.92,29.65,2.52,12.69,35.6,69.8,255.0
40.11,52.6,32.96,27.28,1.29,35.78,36.1,59.5,77.0
169.88,292.39,74.59,21.63,2.43,78.53,36.6,76.9,347.0
172.17,286.82,17.6,22.16,1.51,39.45,21.7,80.8,327.0
165.53,275.2,58.71,26.64,2.7,45.14,29.8,45.4,343.0
72.93,124.48,89.66,32.86,1.7,73.7,33.3,63.9,175.0
12.63,20.92,79.18,33.09,1.56,60.21,33.6,52.8,57.0
167.81,264.43,54.11,11.87,3.28,50.74,30.9,42.1,342.0
82.79,105.87,19.77,25.0,1.03,65.85,23.0,70.1,154.0
174.33,212.6,77.35,21.48,0.6,70.51,34.4,78.8,310.0
173.82,304.61,59.92,39.82,2.13,41.98,33.0,47.3,356.0
155.01,243.37,23.62,30.26,3.4,43.26,21.6,76.6,322.0
60.06,100.77,22.04,26.3,1.45,37.02,28.3,78.4,132.0
75.47,112.36,83.22,9.62,0.4,77.67,23.1,81.1,154.0
154.69,196.52,65.19,29.23,1.32,58.8,26.1,51.9,283.0
63.88,81.45,77.2,9.69,1.87,15.83,20.3,80.7,141.0
38.81,62.54,80.92,18.49,0.73,70.41,27.2,54.4,100.0
104.66,152.61,57.88,10.71,2.37,43.64,29.9,64.9,228.0
169.15,223.33,53.81,32.68,3.49,14.81,31.2,42.3,337.0
128.33,191.84,47.28,13.25,1.69,48.48,31.9,42.0,259.0
106.91,132.41,38.77,20.67,1.37,39.2,35.1,72.4,197.0
26.52,41.08,47.59,40.83,1.52,71.44,23.9,60.0,85.0
114.55,155.95,73.04,13.17,0.58,24.28,22.2,51.5,216.0
178.31,299.3,60.14,25.31,3.11,67.85,35.3,48.6,379.0
33.81,46.87,81.94,21.77,1.57,49.04,22.8,70.1,99.0
98.12,144.54,48.25,5.72,1.48,13.82,37.5,40.0,201.0
159.15,192.09,60.53,36.71,2.38,78.03,35.2,76.3,306.0
135.93,169.03,62.35,7.76,1.66,45.88,29.0,43.6,255.0
128.49,184.45,59.38,23.97,2.34,30.36,37.7,48.6,262.0
129.42,192.58,67.7,27.43,0.4,42.86,21.8,57.4,251.0
71.11,110.94,32.81,30.14,2.89,70.05,25.5,61.8,166.0
59.91,82.38,53.43,32.55,3.3,31.34,31.5,56.0,148.0
147.59,238.65,22.82,15.13,2.34,23.49,26.3,54.4,303.0
147.72,253.5,43.84,5.4,3.35,19.03,36.7,83.4,315.0
157.4,262.53,51.58,33.94,0.7,30.85,21.2,68.9,303.0
165.25,202.23,63.92,26.43,1.78,64.6,29.9,41.1,309.0
96.93,144.26,86.29,38.44,2.19,43.01,30.6,59.4,213.0
95.26,120.31,60.05,37.86,2.12,25.92,31.7,79.4,191.0
145.71,196.01,70.77,38.73,1.52,21.63,24.6,53.6,279.0
120.49,215.92,52.97,24.4,1.32,33.29,26.6,44.3,242.0
129.33,166.26,62.56,18.35,0.62,75.79,35.2,74.1,234.0
145.28,217.83,20.32,36.66,1.49,34.01,23.5,67.3,272.0
161.3,253.39,34.08,23.05,0.74,79.17,34.9,65.7,297.0
67.46,109.38,42.14,12.34,2.62,43.97,30.1,42.4,154.0
73.85,113.42,50.44,39.2,0.89,22.54,33.7,46.3,160.0
25.98,31.32,18.42,40.3,0.39,72.38,32.8,68.0,52.0
108.31,151.18,25.5,23.65,2.02,42.22,23.7,49.4,219.0
16.11,24.34,35.76,8.03,2.16,59.68,30.2,62.7,63.0
89.15,111.68,87.86,20.51,3.08,78.86,35.6,64.5,202.0
102.25,144.21,39.85,37.14,2.1,13.51,27.8,52.8,209.0
58.71,71.62,51.15,41.07,1.34,16.77,37.4,82.7,124.0
110.44,137.74,29.71,13.14,2.85,60.43,28.1,77.9,214.0
15.19,21.84,60.81,7.68,1.98,29.73,22.6,72.5,75.0
16.35,20.92,36.05,40.09,0.46,22.9,27.0,43.5,40.0
149.84,230.84,30.52,20.58,2.07,12.76,37.1,44.8,282.0
71.23,114.95,53.74,26.67,3.2,11.53,25.8,62.2,185.0
31.6,53.1,15.41,43.72,1.51,64.21,35.6,47.2,76.0
98.78,130.4,15.57,7.66,1.18,19.41,35.9,84.0,177.0
140.9,183.24,31.43,30.93,0.67,42.74,26.3,47.1,237.0
46.69,58.96,17.75,7.96,0.7,52.41,21.5,61.9,97.0
115.89,183.32,23.1,20.02,1.63,39.98,33.0,56.4,221.0
24.51,39.8,40.41,37.15,2.17,11.9,25.6,68.8,81.0
18.79,22.9,75.19,22.34,0.47,64.85,34.1,45.8,63.0
100.33,176.75,57.9,44.89,3.3,10.74,28.0,59.4,240.0
101.91,125.47,53.45,27.36,2.69,63.33,28.7,52.4,210.0
118.36,180.48,37.01,17.85,2.14,72.53,34.0,79.9,231.0
133.44,216.89,84.88,13.8,2.93,40.3,26.9,41.8,290.0
175.89,302.99,44.78,19.02,0.46,47.49,28.0,81.1,335.0
97.77,159.22,21.53,19.9,1.77,43.39,26.8,77.5,195.0
64.9,109.1,61.28,7.75,2.28,37.24,26.6,53.4,162.0
145.18,203.79,23.54,19.78,2.93,72.12,29.5,75.5,287.0
56.04,94.65,40.89,23.57,2.79,72.58,34.6,41.4,150.0
84.63,105.62,53.06,33.91,1.11,33.51,26.5,83.5,158.0
23.34,40.53,80.57,31.27,3.3,53.05,29.4,63.7,117.0
14.31,21.87,52.02,33.35,0.61,74.88,32.1,53.6,51.0
173.65,293.53,67.67,5.33,3.09,77.34,24.8,56.3,366.0
152.12,223.82,89.46,13.71,3.4,45.63,25.0,43.0,330.0
128.32,203.53,24.86,31.47,0.78,41.7,36.8,84.5,251.0
79.52,120.54,35.6,24.36,2.58,29.51,33.0,41.8,170.0
39.46,64.67,44.59,5.21,0.33,77.12,30.4,69.5,86.0
36.59,45.71,46.64,37.18,1.54,20.0,31.7,59.9,79.0
52.54,64.95,45.83,35.91,1.9,50.59,20.5,82.7,121.0
103.37,139.37,83.07,26.94,2.12,29.78,31.1,51.1,222.0
131.48,170.36,68.55,7.66,3.29,29.53,29.2,63.9,273.0
122.23,210.62,60.59,35.66,2.42,38.35,29.8,61.7,263.0
57.59,76.68,38.2,28.35,1.79,79.92,26.5,71.6,117.0
172.33,307.69,76.78,36.28,2.87,13.85,21.5,43.1,372.0
135.44,189.91,86.63,35.07,3.34,50.5,23.5,48.7,298.0
104.24,136.48,76.59,37.12,0.27,15.78,37.1,49.7,193.0
113.99,190.8,15.12,25.72,3.44,20.82,27.4,73.2,250.0
81.33,129.74,62.73,10.61,0.48,40.77,28.4,48.5,158.0
52.11,78.11,18.84,31.85,2.89,45.73,20.9,65.8,131.0
70.52,108.12,34.32,29.82,1.13,28.12,20.7,49.7,143.0
138.83,226.51,19.46,34.69,0.64,32.15,32.9,78.8,253.0
12.45,16.64,60.28,11.8,1.65,16.09,29.7,82.4,54.0
29.73,53.45,66.49,12.8,2.33,31.23,29.2,63.3,100.0
17.82,31.81,23.59,40.62,1.46,77.66,24.4,55.9,59.0
16.92,26.91,43.79,35.0,0.38,76.13,33.4,50.5,41.0
155.43,205.12,49.22,41.33,2.18,33.44,23.0,42.2,292.0
129.62,208.45,42.68,35.35,3.18,49.96,23.4,52.1,277.0
90.61,112.66,24.08,28.89,1.46,73.67,28.3,69.4,164.0
26.63,32.45,46.42,31.17,0.91,10.43,25.2,64.0,76.0
93.57,126.76,71.34,40.57,1.66,66.75,24.5,82.5,191.0
90.49,133.71,20.33,28.15,0.36,76.39,31.6,57.8,160.0
39.44,67.88,21.01,30.3,2.91,16.39,31.7,71.2,107.0
83.75,137.05,41.61,11.26,2.93,21.3,34.8,62.0,204.0
77.75,127.94,85.63,23.96,2.14,77.25,27.5,63.1,191.0
114.69,166.91,65.14,33.66,1.37,47.63,21.3,52.0,224.0
117.97,166.04,65.9,15.84,2.84,10.99,24.9,60.5,256.0
17.7,25.18,42.14,13.09,2.03,28.03,37.6,61.2,68.0
73.68,132.09,59.52,17.55,2.93,41.5,30.7,71.8,188.0
116.4,142.48,15.76,14.66,2.28,58.5,32.8,82.3,215.0
95.53,164.34,62.71,13.6,2.79,61.32,20.1,54.8,219.0
155.6,240.75,83.5,21.99,2.18,79.68,29.3,41.9,320.0
121.98,178.47,60.94,41.31,1.57,30.13,20.7,62.3,240.0
37.7,61.64,80.53,25.28,3.36,47.68,30.2,64.5,140.0
22.0,32.82,69.3,12.52,1.99,47.33,36.6,47.6,76.0
119.21,205.53,24.04,8.08,2.2,38.4,37.4,74.2,255.0
14.51,25.25,82.68,32.85,0.93,21.84,29.7,84.3,61.0
109.58,159.23,19.98,20.31,2.26,78.42,28.2,82.6,219.0
169.84,232.02,55.05,37.87,2.09,69.73,37.0,48.9,325.0
107.83,167.72,25.66,31.38,0.81,44.88,32.1,79.4,200.0
75.99,132.78,15.88,36.85,0.4,52.23,21.2,71.7,151.0
119.36,158.32,46.65,15.88,2.19,25.91,28.4,60.4,221.0
87.9,138.34,37.13,32.69,2.72,48.07,24.3,64.3,192.0
102.75,162.24,51.45,15.56,1.93,58.65,28.5,78.2,212.0
170.05,278.86,58.29,42.56,0.95,46.06,28.2,61.6,321.0
75.64,96.74,18.28,30.45,2.4,79.32,30.5,56.8,155.0
173.4,282.56,24.23,17.98,0.46,52.79,26.4,62.2,319.0
163.91,286.09,56.9,15.78,1.66,35.97,23.0,66.1,335.0
43.28,56.61,40.74,12.64,0.74,64.05,29.1,48.5,93.0
21.79,29.26,69.69,32.79,0.81,21.93,34.9,80.5,63.0
27.13,48.37,63.92,13.75,0.87,36.92,32.0,70.3,81.0
13.1,17.14,78.42,28.81,1.48,34.29,26.1,68.5,63.0
26.06,44.62,66.94,15.59,0.37,40.23,36.8,44.5,76.0
126.11,188.58,47.24,31.48,1.51,64.72,36.4,67.2,250.0
22.1,29.8,65.47,37.6,1.89,43.89,23.8,45.4,79.0
64.23,110.63,35.65,36.12,1.79,65.58,20.7,43.5,143.0
153.63,225.4,37.97,35.43,1.46,50.35,33.3,63.7,285.0
13.96,21.06,74.17,12.51,2.97,33.94,34.9,58.1,79.0
148.46,210.15,48.48,8.54,0.68,66.7,37.4,66.5,268.0
57.92,90.1,74.88,32.96,1.87,26.68,36.0,44.0,146.0
30.09,39.06,76.68,19.73,0.4,25.71,30.8,59.4,80.0
128.45,184.27,79.32,22.29,0.43,45.32,29.5,47.9,244.0
116.92,208.31,83.75,6.25,2.09,28.26,20.5,84.4,262.0
159.17,215.66,47.32,15.38,2.07,10.64,24.4,65.3,301.0
134.96,215.14,38.92,6.35,3.1,55.38,28.3,70.9,281.0
146.59,204.51,58.66,40.17,2.04,45.78,31.3,54.6,281.0
57.95,96.43,42.84,14.74,3.37,41.19,30.0,44.3,147.0
40.16,51.35,60.08,27.29,0.36,77.69,33.4,83.9,84.0
137.6,245.2,67.92,6.56,0.52,49.98,25.0,52.9,278.0
147.16,216.66,66.63,31.67,0.35,70.44,30.2,59.1,269.0
178.39,239.33,43.09,17.92,0.81,19.76,21.6,69.2,313.0
80.15,99.71,27.51,40.92,1.99,49.84,27.4,41.1,162.0
73.24,95.35,47.29,40.52,2.33,70.76,33.5,76.5,163.0
141.99,214.67,25.69,18.01,0.35,50.82,32.5,64.1,249.0
67.94,95.26,81.76,41.04,3.32,60.26,37.8,52.5,182.0
168.23,285.54,40.94,44.85,2.98,36.04,25.0,42.8,353.0
155.93,227.43,26.58,38.02,1.18,16.47,29.0,47.3,279.0
82.93,111.89,16.91,38.79,0.45,42.05,25.9,80.3,142.0
137.65,216.15,63.44,14.96,0.76,37.61,27.9,70.9,272.0
138.27,224.56,62.77,28.07,0.62,70.69,35.4,51.2,267.0
27.53,35.8,40.55,7.69,0.61,27.08,32.3,43.0,53.0
163.43,212.56,20.38,8.8,1.91,77.67,35.9,71.1,287.0
95.89,117.18,45.72,44.96,1.01,77.07,23.7,65.8,177.0
150.5,247.09,38.34,18.07,1.38,27.33,35.7,58.2,287.0
64.41,102.94,65.78,34.93,3.47,34.36,21.1,56.4,171.0
162.24,240.89,60.43,37.27,2.46,72.69,36.0,49.8,323.0
76.16,129.97,42.34,39.32,3.33,77.66,25.9,70.1,196.0
11.84,19.94,31.34,44.91,0.67,41.04,25.7,83.7,37.0
163.91,254.27,89.1,14.66,1.46,32.47,29.2,47.9,332.0
25.52,43.92,49.05,6.61,2.03,46.83,36.9,66.9,92.0
64.28,85.08,66.62,21.45,0.45,58.14,20.9,59.1,137.0
171.51,217.33,25.54,10.2,0.21,29.14,26.3,60.1,287.0
171.6,233.7,51.42,5.9,2.41,61.55,35.4,51.4,317.0
107.48,132.66,17.07,19.42,2.32,13.62,27.1,77.1,207.0
117.41,178.31,52.91,36.35,1.56,13.45,23.6,61.8,240.0
86.24,151.94,87.3,27.65,1.82,37.04,27.6,64.5,203.0
59.85,73.23,43.82,17.51,1.57,34.74,26.9,53.7,136.0
65.87,83.87,17.92,31.17,0.28,32.09,36.5,48.2,119.0
124.33,182.93,17.32,14.28,1.31,44.37,33.7,43.9,234.0
137.9,242.76,44.1,5.58,0.78,32.45,29.1,72.1,277.0
144.57,200.91,27.0,35.57,0.52,23.46,37.8,48.8,255.0
144.24,216.98,16.75,29.95,3.36,31.66,28.4,71.1,278.0
25.51,31.24,71.72,35.49,2.18,78.24,21.0,57.6,86.0
94.05,121.23,49.39,6.56,2.6,38.78,24.7,58.7,204.0
19.78,35.45,36.69,38.48,1.24,41.13,27.8,61.1,58.0
103.42,183.99,82.51,29.78,1.5,50.36,22.8,56.5,229.0
85.06,102.32,23.71,27.54,0.98,78.83,37.1,44.5,148.0
160.91,284.99,86.69,29.98,0.52,26.91,33.8,53.9,332.0
69.66,110.3,38.55,39.58,0.79,57.69,24.8,69.9,150.0
29.9,51.45,81.63,28.48,2.83,60.12,30.6,70.0,108.0
34.31,50.53,60.22,28.24,2.44,52.51,33.0,52.9,106.0
139.46,210.49,77.0,44.63,2.0,16.2,36.9,60.7,281.0
115.1,171.88,88.8,35.27,1.77,57.38,35.9,48.7,246.0
27.19,43.51,36.63,22.69,3.24,14.49,29.3,49.5,100.0
24.3,31.19,87.09,33.3,0.44,51.73,33.9,41.0,75.0
129.16,157.32,44.21,20.57,1.13,61.77,30.1,80.4,233.0
22.37,30.98,43.91,14.16,1.35,24.77,29.9,49.5,81.0
149.72,242.96,40.53,28.87,2.78,68.91,22.1,50.2,302.0
130.06,171.83,55.61,42.13,3.48,12.12,22.3,52.6,262.0
23.83,38.22,26.56,42.17,0.99,69.07,29.5,45.7,59.0
24.42,43.52,56.53,18.68,3.09,42.22,24.8,68.8,90.0
177.73,223.29,55.63,26.11,2.94,25.23,20.4,43.4,329.0
73.63,118.06,72.14,13.47,0.94,19.36,33.0,46.0,156.0
73.01,107.05,77.52,44.83,1.52,76.73,20.6,69.0,160.0
148.18,254.99,48.03,44.24,1.55,15.09,30.7,55.3,293.0
171.03,223.42,37.67,30.98,3.43,23.94,29.7,71.9,333.0
177.62,286.96,34.45,37.18,0.8,34.35,37.4,65.1,328.0
138.07,235.12,29.6,33.6,2.84,53.42,28.7,51.5,288.0
73.96,130.68,19.32,28.73,1.3,48.14,21.1,69.3,160.0
24.2,38.95,40.68,7.13,2.61,18.8,29.9,45.2,82.0
142.11,212.93,35.27,23.19,1.59,30.28,35.1,64.1,270.0
104.93,164.81,87.48,31.99,2.11,26.71,37.9,59.7,235.0
82.12,141.35,56.83,32.1,2.95,24.95,27.7,52.1,190.0
164.08,253.07,41.05,19.92,2.85,38.78,25.8,67.2,316.0
28.9,35.21,58.54,42.67,3.06,59.28,36.3,79.2,102.0
93.75,164.86,25.44,11.69,0.4,25.22,23.4,85.0,184.0
11.93,19.25,48.3,25.01,2.48,35.67,31.1,67.3,75.0
89.67,144.01,61.97,32.64,0.66,37.36,27.3,58.2,184.0
19.57,26.02,51.67,32.89,1.57,78.35,20.7,50.1,70.0
30.2,48.18,45.13,30.95,2.01,76.83,26.3,51.6,89.0
29.98,43.06,89.54,16.01,1.53,66.01,24.8,61.6,97.0
120.37,191.47,81.02,11.25,1.91,26.92,32.3,56.5,265.0
136.83,172.94,61.76,30.44,3.49,14.76,37.1,81.1,269.0
109.17,174.1,57.7,28.97,0.65,32.18,24.8,56.6,217.0
173.57,312.36,61.55,12.17,2.43,28.68,34.6,56.8,374.0
73.73,90.61,30.1,33.21,1.51,45.41,21.0,57.3,146.0
58.57,104.63,44.64,23.21,0.64,64.44,29.7,77.6,136.0
157.66,227.69,17.96,31.71,0.72,70.08,21.3,69.3,275.0
48.01,82.7,50.67,38.49,3.33,69.14,36.8,67.6,141.0
173.75,290.06,55.73,11.79,3.1,35.18,33.8,55.0,361.0
12.07,18.58,32.08,5.77,3.19,58.11,31.8,76.8,58.0
174.88,287.34,87.3,36.16,3.47,31.9,34.8,41.7,369.0
17.34,29.94,83.21,29.39,0.89,14.26,31.7,79.2,61.0
161.49,232.95,69.16,32.99,1.37,59.11,37.4,63.1,312.0
99.71,139.22,55.0,38.53,2.41,10.69,32.9,57.9,215.0
178.8,286.19,80.25,37.11,1.8,38.64,36.6,62.4,358.0
22.55,37.98,24.8,43.44,1.58,33.06,29.3,70.0,71.0
104.16,172.62,74.29,26.44,1.38,58.54,22.1,40.6,222.0
174.78,293.4,24.36,24.54,2.16,63.64,29.5,79.2,349.0
98.93,144.57,74.57,21.08,2.1,31.29,22.3,60.1,214.0
117.0,197.81,35.68,11.15,0.73,66.81,30.7,55.4,228.0
128.28,163.18,80.78,27.9,1.76,30.57,28.7,46.2,250.0
87.27,133.24,85.8,16.08,2.03,41.24,31.2,59.8,203.0
116.68,140.43,26.16,41.85,2.08,60.89,20.2,62.3,215.0
109.33,152.49,49.7,28.33,0.89,58.5,23.5,58.2,212.0
163.2,231.72,88.57,28.71,2.65,79.12,28.8,70.5,325.0
17.73,25.48,51.26,19.2,0.28,25.76,37.1,58.9,43.0
57.76,93.42,79.77,7.08,1.37,56.36,26.9,83.3,145.0
171.57,245.88,59.15,6.27,2.77,52.68,27.6,67.0,338.0
161.34,237.05,43.15,21.93,2.06,74.06,32.9,76.3,308.0
87.46,117.42,36.43,8.38,1.06,20.95,30.9,44.9,171.0
115.42,164.36,30.24,29.27,2.49,62.63,25.4,57.9,229.0
57.15,76.38,72.13,40.24,2.07,49.78,27.4,55.2,139.0
41.98,52.22,43.99,40.32,2.83,29.23,23.9,65.6,121.0
88.83,138.76,53.35,31.36,2.63,43.21,37.4,78.8,208.0
70.07,112.18,51.92,13.45,2.21,33.36,22.4,43.5,172.0
109.22,171.66,58.3,39.52,1.81,50.55,26.7,43.3,227.0
23.21,34.31,79.92,40.44,0.64,72.23,20.5,78.3,77.0
175.65,250.8,88.56,12.87,1.06,49.85,24.0,49.6,328.0
177.66,305.21,45.57,34.5,1.58,54.22,34.0,70.1,346.0
128.69,194.5,77.06,16.46,2.18,46.31,23.6,64.4,257.0
101.14,150.44,72.34,37.11,1.9,13.58,21.4,77.5,224.0
62.62,76.11,58.01,44.89,1.15,26.3,28.5,45.6,126.0
148.35,208.39,86.7,6.2,0.22,44.44,20.2,45.8,275.0
126.4,180.52,30.04,40.89,1.84,31.72,21.5,65.1,238.0
37.64,54.18,23.19,29.91,1.14,22.72,34.5,82.6,87.0
164.86,255.22,79.05,43.94,2.62,45.29,33.9,58.7,337.0
149.83,227.77,47.94,23.6,0.28,32.6,36.5,54.7,267.0
171.47,268.3,78.52,38.9,2.13,28.07,35.4,67.3,347.0
133.37,221.26,81.98,7.5,3.31,42.48,32.3,81.9,292.0
114.28,192.88,19.68,18.41,0.78,19.33,20.9,77.7,214.0
81.1,132.27,81.26,7.68,1.76,74.94,34.1,84.8,177.0
168.56,298.92,48.62,44.01,0.5,70.74,35.2,41.0,318.0
157.23,190.4,53.28,37.68,2.26,59.53,34.4,45.1,293.0
17.69,23.3,61.99,39.1,2.02,17.43,29.2,67.4,62.0
14.48,17.44,84.48,42.52,1.54,64.31,24.2,76.9,59.0
74.0,117.55,16.43,8.4,1.92,66.56,35.2,52.8,156.0
147.79,256.99,50.76,20.42,3.16,63.74,33.1,50.8,316.0
177.84,239.38,66.58,7.84,0.85,17.98,37.7,75.4,331.0
35.57,62.47,69.2,13.43,0.27,55.07,22.8,42.5,97.0
111.0,137.22,66.94,14.17,3.04,68.4,24.1,56.6,229.0
74.75,131.61,25.08,23.76,2.1,50.41,23.8,62.8,170.0
174.89,246.76,37.45,15.74,3.14,55.25,34.3,65.2,344.0
153.16,193.11,41.9,9.04,2.17,42.09,23.4,72.8,281.0
152.52,227.48,75.33,11.7,2.87,47.01,21.2,56.0,308.0
89.68,121.43,35.91,10.89,1.62,12.41,38.0,67.6,177.0
80.52,110.39,30.8,43.92,2.67,54.73,20.4,66.3,173.0
56.48,78.19,86.81,35.37,3.21,15.7,35.0,64.6,156.0
19.58,32.94,15.66,43.71,2.09,40.45,26.6,68.8,67.0
157.0,239.19,89.84,22.59,0.8,30.49,35.1,51.7,301.0
148.19,205.51,65.76,16.13,1.09,48.18,30.0,43.8,272.0
179.95,281.84,77.14,36.93,0.86,19.34,36.2,45.4,345.0
179.43,292.41,37.1,18.05,1.01,58.42,36.7,50.1,340.0
104.42,142.39,16.07,16.98,1.21,65.65,20.2,62.5,185.0
140.73,203.79,70.34,14.3,2.03,21.43,21.4,77.8,286.0
170.61,217.21,77.56,10.19,2.14,17.3,24.5,71.6,315.0
154.44,202.11,70.54,15.26,1.61,20.19,32.0,75.5,288.0
52.05,83.73,25.71,19.21,2.23,71.4,36.0,55.8,124.0
86.59,113.34,71.51,31.96,0.47,46.97,28.3,58.2,164.0
31.96,48.42,72.67,7.5,0.49,42.71,30.9,57.7,79.0
172.19,279.88,64.39,13.42,0.77,17.47,23.4,48.6,339.0
113.05,142.91,72.46,37.36,1.91,55.47,34.5,42.8,222.0
48.87,75.28,78.44,10.88,0.91,70.76,37.4,66.6,130.0
124.19,168.14,61.02,18.71,1.13,67.97,24.8,84.5,238.0
115.08,204.59,21.65,39.59,1.52,53.82,28.9,47.5,234.0
70.89,105.63,51.57,11.2,2.88,15.27,21.6,42.1,173.0
29.3,49.34,20.82,8.31,0.25,17.87,30.1,75.1,74.0
124.17,189.99,45.57,24.38,2.34,13.45,29.1,51.4,249.0
98.45,120.71,45.53,17.1,2.41,28.02,22.6,77.3,194.0
141.29,223.23,19.95,27.54,2.84,19.5,28.0,71.7,281.0
98.43,174.3,41.16,37.15,3.28,28.2,26.0,82.6,230.0
154.87,241.75,23.32,10.49,0.27,36.95,29.4,58.4,269.0
103.82,175.62,75.62,28.23,0.71,76.01,30.5,69.8,216.0
105.36,182.33,86.08,25.22,3.12,52.73,20.2,60.9,261.0
159.03,212.6,20.42,10.76,1.71,68.45,33.7,68.4,287.0
78.59,104.31,86.63,29.96,2.06,59.72,32.8,60.2,177.0
32.78,51.36,54.19,15.95,2.39,17.88,26.6,48.5,98.0
14.89,21.54,37.47,24.51,2.44,61.51,21.0,62.9,70.0
138.37,235.78,20.76,8.29,3.27,29.26,33.6,63.8,288.0
115.45,200.89,52.55,23.38,3.49,54.74,37.2,76.5,274.0
129.69,183.13,74.59,17.26,2.58,33.87,24.3,73.1,279.0
46.2,62.01,68.03,37.9,1.15,79.84,25.8,69.9,111.0
33.18,55.36,18.77,7.28,3.1,28.45,23.3,45.1,101.0
12.47,17.02,20.47,21.74,0.36,29.54,30.4,72.4,36.0
69.6,117.87,45.22,23.34,0.96,75.15,22.8,62.5,154.0
110.29,160.38,37.15,34.0,3.16,11.73,26.4,80.2,231.0
76.68,122.73,32.43,27.97,1.05,58.77,32.5,81.4,153.0
84.37,106.08,36.08,31.69,0.93,60.77,30.1,42.5,151.0
163.71,257.73,75.26,36.08,0.66,68.55,27.0,76.9,316.0
69.2,101.8,84.69,39.49,3.04,78.21,27.6,41.7,182.0
97.38,151.13,45.38,17.56,1.85,78.29,30.1,56.5,197.0
143.22,186.3,82.96,26.52,2.43,14.57,20.1,64.4,284.0
77.41,127.12,39.11,38.6,0.99,67.53,21.4,46.7,153.0
115.75,198.83,50.73,44.58,2.7,55.24,35.9,73.6,250.0
156.6,208.29,31.95,40.58,2.71,55.31,21.4,40.4,300.0
171.42,215.55,63.04,19.86,1.23,18.98,32.7,47.6,305.0
35.0,42.5,88.42,12.81,1.56,55.51,36.6,66.1,99.0
167.52,265.55,60.26,24.58,0.89,78.77,24.9,72.1,311.0
93.66,146.51,41.84,34.67,3.42,73.83,26.7,81.2,216.0
53.9,82.36,63.59,24.7,2.33,40.74,30.2,71.7,139.0
88.05,117.92,24.22,24.33,3.28,12.8,35.9,70.2,187.0
176.61,253.35,81.65,38.53,1.2,35.36,37.0,57.7,334.0
93.75,145.93,52.73,19.46,2.78,67.85,33.3,40.1,212.0
65.89,98.7,48.7,39.39,2.73,59.1,21.6,45.4,155.0
117.68,210.96,58.94,21.27,2.48,42.15,32.0,64.1,254.0
50.82,65.15,61.86,18.13,3.39,13.86,27.4,70.4,150.0
22.9,37.03,20.38,23.16,1.5,39.88,28.5,58.8,61.0
31.91,46.03,66.2,35.5,0.63,42.83,20.9,72.9,80.0
31.77,46.28,33.14,10.04,2.42,75.0,23.4,63.5,97.0
35.82,58.41,68.55,12.86,2.61,54.88,34.2,43.3,132.0
33.6,54.28,76.69,43.06,2.1,31.82,28.2,48.6,101.0
118.95,213.48,75.3,12.02,0.88,46.77,25.4,77.8,252.0
40.92,52.26,56.44,27.71,1.86,14.62,26.9,72.6,102.0
68.76,86.81,54.01,28.17,1.23,78.08,35.4,80.3,139.0
162.45,265.55,25.72,24.58,1.61,35.2,33.5,45.3,308.0
90.57,140.12,73.15,30.79,2.33,43.45,24.9,84.6,200.0
123.48,168.49,35.36,14.19,2.66,34.87,22.1,49.4,246.0
39.29,49.03,52.25,27.11,0.97,57.78,24.5,40.5,83.0
42.69,53.42,36.32,19.89,1.54,56.36,36.6,84.9,102.0
16.95,29.43,25.04,31.47,1.09,60.07,30.5,52.6,51.0
38.72,50.92,62.22,10.65,0.86,28.77,29.6,70.1,94.0
57.36,79.96,19.07,27.84,2.79,32.1,30.7,48.0,132.0
40.09,53.56,71.15,12.41,3.2,18.77,26.6,66.1,123.0
25.08,35.44,38.82,16.15,1.42,55.89,34.5,80.7,72.0
30.51,37.88,15.01,13.75,2.68,12.79,29.4,54.4,80.0
88.33,133.51,53.33,12.31,3.16,51.84,22.1,70.2,203.0
45.08,55.92,18.51,38.03,2.99,70.88,22.3,48.5,109.0
71.93,120.85,35.71,16.43,0.8,72.36,29.7,68.1,143.0
95.58,128.1,68.02,42.08,3.36,41.43,36.9,55.1,207.0
127.37,194.11,19.7,43.8,1.44,42.15,25.6,49.5,248.0
16.68,28.83,77.95,27.85,1.32,15.39,35.7,54.1,66.0
145.9,232.06,15.29,10.72,0.41,56.95,33.8,48.0,269.0
116.74,177.42,33.51,19.98,1.8,67.49,24.5,80.6,236.0
23.9,33.33,70.57,36.91,0.56,27.13,20.7,57.9,61.0
158.51,221.88,38.72,19.7,1.02,39.49,21.8,51.0,282.0
166.55,266.76,22.64,8.48,1.25,68.72,33.1,60.2,324.0
20.38,36.62,42.02,27.27,2.87,71.4,23.6,54.4,93.0
57.07,91.15,35.28,38.8,3.09,27.02,26.7,73.5,147.0
147.05,225.68,78.2,36.84,1.2,48.54,29.0,83.7,291.0
137.2,224.79,38.5,12.0,3.03,23.47,33.1,59.7,286.0
41.37,61.19,74.17,31.91,3.03,17.13,22.0,78.7,131.0
45.59,56.35,81.89,13.82,2.72,73.78,27.3,65.5,126.0
72.98,112.2,47.54,13.73,0.68,67.44,28.7,47.1,137.0
92.37,163.92,83.25,39.96,2.48,63.2,29.7,71.1,215.0
115.1,150.23,43.3,14.99,3.32,13.41,34.7,63.1,240.0
72.72,117.36,87.31,15.53,2.45,69.06,23.1,69.3,177.0
88.63,117.04,21.7,5.03,1.29,40.66,34.5,80.0,166.0
137.07,208.55,66.53,39.83,1.85,33.97,32.5,59.8,271.0
16.24,20.43,52.04,36.7,2.33,48.25,30.0,80.6,66.0
52.91,77.8,44.07,30.09,1.88,16.39,32.6,73.8,129.0
131.27,217.08,62.45,35.01,0.6,62.97,27.4,62.0,258.0
162.19,228.44,67.79,11.08,1.23,50.77,22.5,67.1,305.0
96.99,155.07,15.33,23.33,2.85,23.06,32.0,54.7,212.0
100.46,168.5,27.52,19.05,3.04,23.18,29.4,84.3,225.0
28.22,49.56,68.48,8.75,0.65,22.9,31.5,70.0,86.0
86.06,115.39,64.98,24.45,3.34,13.99,26.1,42.0,198.0
100.54,144.74,87.45,41.83,1.29,51.15,36.3,54.7,208.0
51.22,66.15,72.08,6.6,2.39,68.82,30.6,68.0,127.0
55.77,100.14,86.31,16.66,2.68,11.22,21.5,42.5,157.0
74.14,130.2,67.69,13.3,2.88,13.43,28.1,41.1,193.0
13.41,20.44,37.35,14.53,3.32,50.09,33.6,60.3,80.0
64.75,110.42,22.9,41.34,1.23,67.36,34.3,55.0,142.0
45.95,69.5,73.64,23.72,3.03,32.87,28.9,59.7,128.0
65.67,103.38,63.31,23.65,0.63,34.47,36.1,51.8,146.0
30.36,38.05,18.61,35.42,2.53,51.74,24.8,47.4,75.0
161.39,266.8,42.0,11.18,2.65,29.19,27.4,71.0,333.0
110.91,141.59,86.76,24.49,2.44,11.86,36.2,63.2,232.0
125.45,212.71,52.53,22.2,1.03,61.47,36.1,49.0,255.0
144.16,240.63,47.45,28.88,3.08,53.8,32.3,54.4,299.0
94.74,153.97,49.33,44.98,0.76,50.65,35.5,66.6,196.0
24.78,30.27,30.67,35.78,0.38,61.92,21.6,43.3,46.0
101.31,140.0,42.65,20.91,2.57,57.27,35.6,46.6,208.0
109.76,149.04,42.74,38.1,1.77,24.41,25.8,43.3,209.0
136.72,193.61,18.93,11.83,3.0,34.67,23.2,76.6,261.0
83.38,104.44,72.57,6.22,1.47,18.83,24.3,73.9,173.0
31.69,55.84,46.24,13.18,0.76,19.09,27.5,73.9,89.0
58.24,89.24,76.66,18.62,2.96,57.33,24.5,72.2,172.0
71.72,99.22,78.78,25.42,2.01,70.1,25.8,70.1,167.0
119.81,172.3,30.9,29.61,0.82,77.39,22.4,61.5,225.0
107.03,157.16,64.3,41.42,2.58,53.98,25.3,68.9,232.0
70.54,110.06,50.42,25.39,1.89,22.89,30.3,41.7,162.0
177.71,268.23,81.01,25.05,2.19,17.4,28.0,68.0,352.0
112.98,197.9,31.18,7.01,1.72,66.9,26.2,75.0,234.0
50.33,75.4,65.84,6.4,2.93,50.51,33.4,62.5,143.0
27.3,49.02,60.58,27.05,2.94,53.28,36.1,56.1,100.0
35.99,61.57,37.15,22.53,2.54,64.7,33.6,52.5,105.0
51.81,68.66,25.25,38.57,0.55,59.23,26.0,68.9,98.0
37.32,65.61,63.87,11.43,2.97,68.41,33.4,71.2,126.0
41.72,52.97,70.39,6.0,2.41,13.93,22.7,79.2,112.0
58.47,98.84,38.67,22.96,2.5,62.33,22.3,55.4,145.0
39.47,56.38,63.36,14.5,1.4,69.56,26.2,74.6,111.0
162.45,280.52,44.63,6.98,3.1,30.03,34.5,65.3,347.0
23.64,40.68,68.49,33.98,2.59,54.83,24.4,79.7,101.0
99.17,166.95,29.94,9.46,0.57,31.99,21.1,63.8,192.0
79.77,133.53,81.77,29.33,1.55,77.06,22.4,63.3,186.0
177.0,244.76,36.56,16.24,3.13,12.34,35.5,66.0,346.0
29.05,36.27,42.58,11.94,0.36,50.59,31.4,73.7,71.0
77.64,111.93,19.36,20.19,3.37,21.66,24.6,83.4,167.0
174.81,227.97,23.36,37.06,2.44,59.86,30.0,43.3,313.0
157.14,254.08,53.69,20.68,2.28,22.31,29.5,42.4,325.0
148.9,209.6,35.07,35.03,1.09,26.48,31.8,82.2,270.0
53.84,96.13,77.66,10.02,1.02,44.61,24.2,63.8,130.0
39.05,61.88,16.1,35.91,3.31,74.04,35.6,67.7,106.0
123.67,209.43,43.43,14.48,1.18,24.82,25.6,61.7,244.0
167.99,214.95,40.3,32.1,2.76,20.1,32.5,44.2,309.0
104.65,179.71,16.45,27.63,1.5,63.13,20.3,74.6,220.0
107.17,187.95,24.33,42.17,0.66,45.04,26.7,73.6,208.0
57.6,85.95,46.02,20.49,0.24,73.82,26.3,54.0,114.0
140.81,220.2,51.96,7.65,2.0,20.26,29.8,53.8,285.0
41.8,69.34,45.32,5.77,3.42,55.21,21.3,77.7,133.0
65.03,84.85,54.82,38.07,1.42,26.3,34.2,43.3,144.0
82.32,123.61,59.63,25.99,1.38,20.97,23.9,79.6,180.0
96.29,138.59,15.74,36.01,1.34,57.84,32.2,51.5,179.0
51.21,65.95,49.81,14.38,1.92,51.56,34.5,66.7,119.0
29.52,41.94,87.26,18.8,1.65,62.84,30.1,82.1,99.0
113.81,141.22,53.93,6.2,3.1,31.66,33.3,70.5,232.0
59.07,71.8,65.82,43.46,1.87,41.36,31.9,58.6,136.0
108.81,139.4,38.39,31.71,1.88,38.38,26.4,71.0,211.0
36.24,64.43,73.05,42.33,0.66,78.89,34.6,55.5,99.0
91.79,140.42,72.97,15.62,3.44,30.46,25.3,52.5,211.0
100.54,178.91,54.1,29.46,1.02,30.64,30.3,84.9,214.0
18.81,27.45,88.2,32.14,0.44,34.82,33.4,73.8,62.0
67.22,93.24,24.42,17.7,2.39,49.52,26.8,69.0,151.0
32.85,49.4,16.27,38.92,2.16,27.66,25.4,56.0,91.0
20.77,30.41,72.76,42.89,1.57,74.07,28.3,42.2,84.0
178.29,225.26,75.54,40.39,1.59,28.6,34.7,41.4,335.0
64.8,102.68,24.02,34.56,2.79,72.71,36.7,64.9,160.0
147.68,196.36,34.92,16.1,0.85,17.24,29.8,74.3,269.0
53.29,83.76,16.32,16.26,2.91,55.96,31.9,64.2,133.0
125.86,200.13,37.0,43.53,2.34,73.49,36.3,77.8,258.0
139.24,179.79,72.99,5.41,1.58,21.81,21.8,41.5,270.0
111.26,137.61,53.85,33.64,1.71,77.78,24.2,56.5,218.0
90.17,150.44,41.11,33.25,1.05,41.7,32.8,50.7,183.0
80.01,118.09,42.88,29.91,2.68,76.2,34.8,60.1,182.0
69.31,85.59,15.1,44.6,1.89,57.38,35.4,43.3,138.0
168.02,301.92,37.49,17.48,1.26,31.11,27.5,82.9,328.0
151.21,186.69,63.48,18.6,2.17,23.18,21.6,50.0,293.0
174.05,281.45,88.06,8.16,3.49,31.26,27.9,81.5,373.0
31.13,55.73,78.53,22.71,1.64,16.51,24.2,59.2,110.0
134.25,180.36,16.77,15.44,3.24,20.07,25.2,84.3,256.0
169.52,217.89,82.39,18.74,1.34,17.33,33.9,64.9,312.0
40.81,51.94,73.74,38.38,0.38,39.61,21.4,81.9,93.0
21.3,29.44,73.53,42.42,0.87,65.69,34.9,40.2,73.0
135.99,171.43,49.35,12.43,1.58,19.9,27.7,73.7,254.0
107.66,173.9,44.85,19.9,0.92,19.12,30.7,80.6,214.0
153.11,189.46,37.72,42.15,0.2,55.04,21.6,46.3,252.0
33.76,50.83,19.93,7.47,3.22,23.8,26.1,44.3,96.0
145.2,261.06,32.12,8.69,2.98,16.83,21.6,59.1,311.0
44.28,74.76,33.5,11.51,2.65,21.68,37.3,82.0,114.0
37.82,59.35,51.31,28.81,0.75,74.66,34.5,64.4,87.0
37.93,52.48,71.06,11.02,0.6,67.5,28.3,63.7,94.0
148.48,233.75,50.54,43.72,0.42,34.78,24.0,46.4,272.0
123.08,186.62,19.34,22.87,2.59,55.91,36.8,40.0,255.0
98.92,143.99,86.83,25.06,3.27,47.61,26.2,76.5,238.0
71.0,90.77,85.7,14.87,1.62,57.4,22.9,43.9,152.0
159.12,275.6,73.89,23.84,0.59,57.79,30.1,68.5,310.0
76.72,112.76,89.35,31.48,1.89,54.01,37.0,81.2,168.0
148.82,195.96,55.84,35.05,1.35,28.63,20.1,49.4,271.0
84.65,120.26,87.21,35.15,1.44,12.73,24.3,69.9,188.0
74.08,107.3,20.67,28.12,2.25,41.89,36.9,43.5,156.0
88.66,150.41,42.43,41.17,2.57,72.37,23.1,67.2,204.0
61.23,100.43,31.9,37.7,0.56,49.86,22.0,47.4,116.0
137.09,227.79,29.69,35.28,0.32,68.27,30.3,73.1,259.0
95.46,115.19,25.56,7.22,3.48,79.41,35.5,53.6,198.0
49.48,71.73,61.68,5.28,0.97,21.45,28.6,60.9,113.0
162.93,242.57,73.6,13.5,0.38,58.42,37.9,67.0,302.0
75.26,91.18,58.37,31.54,0.83,57.2,32.2,47.7,140.0
102.4,138.85,26.02,21.45,0.33,78.6,21.3,73.4,174.0
164.1,271.78,75.83,21.1,1.49,78.99,37.9,53.6,335.0
116.12,148.9,62.7,40.38,2.85,58.07,27.3,69.8,242.0
29.87,45.44,44.11,40.82,1.33,27.05,25.2,47.1,85.0
169.77,225.65,65.56,41.37,1.67,65.9,30.0,71.0,318.0
116.71,140.9,34.49,17.56,2.43,17.49,25.5,45.8,225.0
66.93,90.01,40.89,32.64,1.88,64.65,21.6,59.1,136.0
33.68,60.13,83.81,15.87,3.04,73.71,20.0,51.1,121.0
144.98,243.71,36.79,12.62,3.06,36.8,28.1,73.7,305.0
115.41,204.94,50.25,12.39,0.23,54.14,35.1,51.8,237.0
100.69,150.3,81.76,18.68,2.77,40.11,30.3,79.7,232.0
161.96,205.02,68.08,22.2,1.72,40.64,38.0,80.1,309.0
144.06,220.24,19.67,38.24,3.46,31.73,25.2,48.8,297.0
35.78,52.7,26.05,9.8,1.79,63.35,25.0,67.6,86.0
62.99,107.5,15.59,34.4,3.46,75.53,22.9,43.9,159.0
52.24,65.77,62.32,26.26,2.69,75.85,23.0,57.6,136.0
136.47,203.74,48.58,16.52,1.02,22.23,25.1,72.1,254.0
15.7,20.25,25.07,24.71,1.98,71.23,34.3,69.7,55.0
106.88,149.08,86.85,17.0,3.47,61.62,36.3,68.1,244.0
139.62,229.31,54.72,28.84,3.03,27.7,37.6,52.7,306.0
159.05,236.29,33.14,22.35,0.52,14.71,24.2,57.0,275.0
68.15,97.16,52.55,11.58,2.53,28.76,35.9,44.6,166.0
149.61,214.95,65.97,9.66,1.34,73.85,25.9,72.4,282.0
28.81,42.51,20.72,26.87,0.22,54.32,22.0,62.7,51.0
153.9,257.16,35.6,41.1,1.53,60.47,35.7,71.9,307.0
31.67,54.96,75.52,18.76,0.97,28.0,31.4,51.2,95.0
77.54,137.49,49.47,34.32,2.9,60.36,23.0,54.6,196.0
145.54,243.36,55.99,31.35,1.31,11.97,27.7,55.0,294.0
35.49,49.3,47.46,42.26,2.93,36.27,25.2,41.2,118.0
48.97,78.99,18.29,37.84,0.2,53.87,33.3,55.3,96.0
132.78,194.2,27.43,27.66,1.22,20.23,28.2,76.1,246.0
132.41,179.12,48.42,31.28,1.0,67.61,37.8,80.4,245.0
119.0,202.83,30.69,40.94,0.97,26.45,21.0,63.3,239.0
127.97,156.52,18.75,20.98,0.43,55.66,26.4,60.5,210.0
102.26,178.05,78.27,18.07,0.82,38.36,28.7,41.4,214.0
52.81,77.99,88.59,5.43,2.03,51.72,29.1,79.6,139.0
68.77,108.81,74.49,38.06,1.16,17.52,25.7,40.6,145.0
40.87,65.22,79.03,37.04,1.58,11.18,33.1,82.5,114.0
164.44,285.64,33.15,9.18,1.44,73.67,35.7,62.0,313.0
109.18,172.72,87.05,28.07,3.09,28.87,36.9,55.4,253.0
78.14,122.56,29.77,23.56,3.19,67.38,34.5,81.6,186.0
88.54,109.79,86.36,9.75,1.83,79.95,35.3,41.1,187.0
171.04,258.45,89.61,44.22,1.29,24.8,29.9,66.2,342.0
36.07,46.53,68.38,13.59,0.55,28.56,34.9,64.7,78.0
109.66,180.11,88.59,7.69,3.35,56.4,25.5,49.9,265.0
96.0,144.71,57.72,28.79,0.4,77.58,27.2,59.3,189.0
113.95,183.24,34.47,34.55,1.18,74.11,25.7,69.4,215.0
13.08,16.02,47.77,6.3,1.18,45.2,28.4,72.7,63.0
158.26,197.96,59.52,31.35,1.26,65.66,25.1,40.0,286.0
168.46,274.56,20.48,26.29,0.74,19.5,37.3,82.2,306.0
106.07,131.87,61.68,9.13,2.78,78.42,25.6,47.4,214.0
128.43,159.61,88.59,11.9,0.6,77.5,21.8,50.5,238.0
166.82,201.4,29.26,27.72,2.3,21.46,29.5,51.9,300.0
130.23,231.02,74.44,16.85,0.61,30.96,21.0,41.7,266.0
35.93,59.02,83.09,42.53,0.43,17.01,22.0,45.5,92.0
107.97,152.45,85.78,37.75,3.2,29.02,23.9,84.4,247.0
113.14,155.9,87.01,44.34,0.83,67.12,28.4,54.2,221.0
82.1,115.75,54.11,15.39,2.91,36.48,27.8,45.2,178.0
135.2,225.07,88.3,43.79,2.0,16.19,34.4,44.8,288.0
168.84,269.61,71.8,22.25,0.46,33.96,33.3,72.4,309.0
167.35,219.41,27.13,18.9,3.35,78.7,27.7,78.5,322.0
86.64,113.02,50.77,7.01,1.01,54.08,26.0,51.6,163.0
29.25,36.83,68.87,7.11,3.04,39.13,25.7,40.9,105.0
177.42,283.2,33.55,32.68,0.76,21.66,33.9,50.0,334.0
152.61,253.13,63.05,23.32,3.02,79.03,20.9,42.5,320.0
31.19,42.39,65.0,14.06,0.24,67.46,20.2,44.7,79.0
166.54,201.94,27.2,29.56,1.89,29.7,34.3,59.4,293.0
157.88,197.24,57.38,15.11,2.74,14.9,28.6,50.3,311.0
98.2,174.87,72.87,28.11,3.28,13.96,22.4,63.2,237.0
110.52,152.21,52.42,19.37,3.2,18.43,24.2,51.4,232.0
77.83,129.32,15.91,37.94,2.9,50.65,36.8,82.3,180.0
19.31,30.41,15.68,37.83,3.13,75.01,35.5,80.8,74.0
66.98,95.73,41.78,24.09,0.86,44.77,32.8,65.5,131.0
146.49,193.86,84.46,19.03,1.14,69.01,28.7,55.9,275.0
10.79,13.73,32.15,19.5,1.15,41.21,29.4,57.2,41.0
66.69,104.64,62.58,37.23,1.44,59.6,37.6,58.5,158.0
77.69,129.33,31.66,18.13,1.5,61.23,37.4,72.7,155.0
101.36,160.79,39.13,13.36,2.0,22.18,23.9,60.3,212.0
166.38,252.59,78.6,8.39,0.73,35.29,34.6,78.6,319.0
68.88,84.39,69.66,23.67,2.48,54.61,23.6,82.5,161.0
68.98,122.86,22.15,24.29,0.75,14.95,23.8,55.1,147.0
135.38,227.33,47.15,38.64,1.22,35.31,32.2,65.2,268.0
86.88,119.52,17.19,13.85,1.86,47.44,27.3,44.3,170.0
48.18,86.15,51.07,20.24,2.83,79.74,36.8,49.0,140.0
86.91,135.69,64.68,37.34,2.64,43.22,21.6,58.6,201.0
33.95,52.6,23.89,37.94,2.33,67.12,29.2,49.3,92.0
39.99,65.93,36.67,20.38,0.71,40.24,36.5,79.4,93.0
94.72,159.8,44.84,23.36,2.01,65.75,36.3,47.1,202.0
81.22,129.45,83.96,17.13,0.49,51.68,22.8,60.5,169.0
165.52,211.35,89.49,42.3,1.45,72.06,26.6,67.3,308.0
71.61,100.46,18.37,9.75,1.56,38.77,31.1,71.1,150.0
108.7,190.97,72.08,42.35,0.33,52.3,22.9,57.2,205.0
117.48,156.82,42.88,32.35,1.1,54.1,37.4,79.1,220.0
12.23,17.4,44.43,26.26,3.35,39.22,36.5,65.6,74.0
122.8,179.2,71.57,6.31,3.35,20.1,23.0,59.8,260.0
40.27,58.94,83.88,24.02,1.36,16.55,22.2,43.0,111.0
173.38,271.82,86.32,21.31,0.34,11.17,21.5,60.9,332.0
35.27,62.29,58.28,11.45,0.79,71.15,36.4,76.9,94.0
80.49,108.21,41.78,31.26,1.49,26.55,23.5,67.7,149.0
24.51,31.2,74.07,43.85,3.33,24.81,27.5,77.4,108.0
179.47,236.63,33.83,27.49,0.67,61.52,28.1,62.2,307.0
95.37,165.2,57.31,33.59,2.72,32.4,30.8,45.3,224.0
111.22,176.55,41.89,7.74,0.56,45.42,21.3,40.6,216.0
21.4,29.36,64.25,21.71,3.44,21.38,24.1,53.6,91.0
137.49,232.3,33.03,9.65,1.46,77.18,36.8,71.4,275.0
45.68,78.43,29.37,29.51,2.76,69.61,36.4,75.6,122.0
162.67,277.82,83.87,42.54,1.33,70.47,34.1,53.3,321.0
44.87,78.59,22.64,31.47,2.27,38.47,20.3,62.3,121.0
42.42,57.32,52.95,8.07,0.83,63.37,25.9,59.0,92.0
16.21,26.8,31.56,19.19,0.68,20.07,31.3,58.5,42.0
90.25,133.24,17.92,27.03,3.3,10.6,25.0,50.4,195.0
106.02,180.79,17.7,21.13,3.23,11.4,36.4,46.1,234.0
21.17,34.66,28.14,38.35,3.13,51.06,31.4,48.9,83.0
141.84,236.29,80.01,37.59,2.26,41.88,21.3,42.5,304.0
87.06,138.75,36.19,29.47,2.87,46.26,36.4,48.9,190.0
99.15,129.53,86.28,19.94,0.43,10.52,37.2,40.4,188.0
84.93,129.69,58.62,15.21,1.3,39.59,21.4,68.2,178.0
78.13,139.91,47.75,9.23,1.24,60.26,29.6,54.2,181.0
105.14,185.3,58.51,19.2,2.3,40.99,25.5,83.8,234.0
36.39,44.61,53.75,21.53,1.37,61.26,27.1,48.7,96.0
40.93,53.16,71.91,32.03,0.69,26.31,23.2,55.6,96.0
156.5,200.17,36.19,31.33,2.17,66.92,30.4,56.1,287.0
170.84,279.42,41.48,7.8,2.89,51.19,37.2,40.4,346.0
73.46,124.2,82.06,20.81,1.46,24.75,29.1,77.8,172.0
56.03,74.41,85.98,12.27,0.64,26.57,21.5,41.4,128.0
119.48,179.64,81.94,11.27,0.85,53.96,31.2,82.3,245.0
79.48,135.48,46.46,38.09,0.98,68.1,26.1,80.1,169.0
14.32,23.47,73.53,6.68,1.19,39.09,35.4,64.1,67.0
36.55,55.75,50.73,21.77,2.32,28.08,27.8,64.5,101.0
131.72,204.71,52.32,11.73,2.18,70.69,23.5,69.4,267.0
122.02,183.64,30.35,40.17,2.5,56.85,23.4,57.4,243.0
14.61,20.14,59.33,27.28,1.4,41.37,33.8,69.1,60.0
47.74,73.47,28.96,14.26,2.92,44.15,24.8,42.0,124.0
49.28,79.51,39.87,25.1,0.87,24.3,33.8,42.4,112.0
124.22,214.16,79.13,34.26,1.75,53.88,23.7,60.6,262.0
13.35,21.12,30.53,43.32,2.84,35.11,25.8,64.7,67.0
27.7,45.89,20.34,13.82,0.79,79.7,28.4,80.0,68.0
145.99,189.2,20.18,40.45,0.56,43.61,37.0,44.7,239.0
40.35,59.6,85.56,42.37,3.12,44.01,36.8,77.0,142.0
120.97,145.84,53.02,41.66,1.33,49.61,23.7,49.5,222.0
50.49,68.06,45.71,30.42,2.46,74.17,26.4,57.7,116.0
26.91,44.01,75.82,30.19,0.28,66.06,22.7,54.2,74.0
51.34,92.16,77.69,21.13,2.48,41.58,29.2,58.0,147.0
132.79,167.24,39.91,35.1,1.24,60.31,28.3,46.8,239.0
155.47,224.01,67.02,26.25,0.38,51.04,36.2,62.7,290.0
151.14,253.92,72.83,32.1,2.21,44.47,36.7,76.1,320.0
77.52,102.52,64.1,22.14,0.99,23.46,26.9,59.9,159.0
123.57,189.45,26.37,34.26,1.48,42.48,28.9,62.1,240.0
44.85,73.54,80.69,37.98,0.47,27.21,36.1,78.2,108.0
59.84,93.92,55.43,10.86,0.69,74.04,34.5,71.8,137.0
162.38,213.17,36.19,38.32,1.18,33.48,20.1,62.1,282.0
12.21,17.26,46.89,26.61,0.5,76.66,25.8,51.6,41.0
24.54,40.98,17.82,38.79,3.21,47.31,27.6,79.8,88.0
45.34,69.49,24.59,22.25,0.22,54.21,24.1,66.0,92.0
14.51,17.46,72.42,20.16,1.8,48.01,23.6,50.0,62.0
40.84,67.66,15.0,41.6,0.61,19.06,20.7,52.1,75.0
109.12,133.25,46.24,15.05,1.22,36.31,31.6,76.1,203.0
81.64,134.5,54.19,38.77,3.26,16.94,24.7,42.0,200.0
161.75,213.76,19.1,24.36,0.73,53.61,20.9,84.6,285.0
148.97,264.39,87.98,25.56,3.39,41.28,24.2,45.9,330.0
68.11,96.77,31.96,17.34,0.88,64.46,34.4,75.8,140.0
54.1,75.53,37.81,27.92,2.65,25.43,35.3,57.8,145.0
74.55,96.12,37.8,18.01,2.0,21.52,28.7,62.1,154.0
110.35,152.65,32.28,6.57,3.12,38.44,27.5,79.6,223.0
55.57,95.91,15.11,15.88,2.03,74.86,37.6,58.6,126.0
116.11,208.73,69.7,5.26,1.96,59.73,23.6,64.2,256.0
79.6,113.11,87.51,44.13,0.85,39.32,23.9,42.2,172.0
103.85,152.57,31.82,43.63,0.75,46.21,25.3,40.1,191.0
84.14,137.42,64.73,20.81,3.22,15.89,23.1,51.0,213.0
60.06,104.01,70.64,34.13,1.28,78.92,26.8,70.6,139.0
171.24,266.42,78.63,18.83,1.43,56.65,36.4,45.5,327.0
139.81,200.62,46.7,31.84,2.71,29.98,31.1,45.1,286.0
33.82,48.96,37.72,37.22,1.32,51.01,27.4,58.5,73.0
157.64,254.96,39.4,42.87,3.34,17.66,36.8,69.2,326.0
92.86,111.62,68.45,21.01,2.64,77.61,20.9,72.0,215.0
162.07,254.74,76.26,36.33,2.17,22.23,23.8,48.0,329.0
145.98,206.31,28.62,15.64,3.11,55.36,30.2,43.6,283.0
82.29,137.95,42.82,44.61,0.36,27.18,31.1,82.3,163.0
13.82,17.35,82.65,6.03,1.05,60.23,20.7,51.7,59.0
55.68,86.46,75.5,29.14,1.73,64.38,27.3,78.4,140.0
102.08,151.95,88.86,31.38,0.95,57.14,31.7,78.9,214.0
117.69,186.59,71.57,32.52,2.65,53.01,32.6,74.8,252.0
53.84,66.7,44.49,9.82,3.23,72.47,31.5,47.6,146.0
33.69,52.15,59.3,42.54,1.6,15.5,25.8,77.0,96.0
151.94,233.51,64.58,12.25,1.33,33.16,21.7,74.6,299.0
177.35,272.48,20.88,29.91,3.37,27.38,27.7,66.9,348.0
99.37,155.22,55.84,13.91,1.67,79.16,22.3,55.2,215.0
39.19,62.93,68.2,17.29,1.81,37.26,37.1,51.8,109.0
56.29,94.74,27.55,26.86,1.36,61.28,28.6,45.5,126.0
13.13,17.88,73.55,21.69,3.2,57.93,25.7,62.9,77.0
165.43,280.41,58.78,11.41,2.08,24.85,33.8,66.3,332.0
30.02,45.0,86.42,11.84,2.72,26.73,29.0,56.2,113.0
108.01,134.6,18.18,21.73,2.88,29.69,25.6,61.4,210.0
56.59,69.9,34.9,35.29,1.33,38.78,34.6,56.4,112.0
104.21,145.95,60.12,40.92,1.63,26.4,35.6,68.8,207.0
120.74,201.75,37.24,8.37,3.0,11.38,32.1,80.6,264.0
151.06,245.41,68.58,20.72,1.4,71.56,20.8,47.4,299.0
45.09,75.45,71.93,9.01,2.82,77.59,30.2,57.2,135.0
11.87,17.93,22.69,5.66,3.31,33.91,33.7,46.3,67.0
33.27,48.71,53.54,31.47,2.26,33.7,22.5,68.1,90.0
163.0,210.02,53.17,29.1,2.65,10.5,24.1,72.8,304.0
158.56,221.5,42.7,11.52,2.86,57.62,35.9,81.9,312.0
111.56,162.92,84.97,14.35,2.99,67.78,20.4,52.5,246.0
112.09,140.46,77.06,5.95,1.5,20.26,33.5,82.8,226.0
123.06,163.96,67.29,38.4,0.37,21.18,28.5,42.8,230.0
39.81,62.07,68.57,43.99,1.53,65.31,28.0,67.1,111.0
165.45,271.57,49.63,10.42,2.42,53.14,20.1,42.6,344.0
81.19,146.06,84.07,14.26,1.69,13.14,34.7,80.2,193.0
75.13,132.23,67.09,39.74,2.67,53.58,26.5,63.8,191.0
98.22,155.73,69.67,42.06,1.38,31.62,29.7,70.1,205.0
17.98,26.13,79.63,21.79,2.29,35.81,32.2,77.4,94.0
38.27,60.53,35.56,7.02,0.82,63.88,32.6,46.8,97.0
135.47,226.42,75.53,6.58,2.67,66.77,37.2,41.7,294.0
24.08,30.6,29.64,27.96,2.0,38.02,29.6,79.5,74.0
112.54,162.72,40.9,20.72,0.87,76.3,27.2,54.2,218.0
51.71,88.11,40.17,6.15,1.16,38.45,37.2,45.8,117.0
76.18,108.96,88.39,28.33,2.67,64.03,31.6,61.1,183.0
59.08,91.16,79.24,5.45,1.79,43.87,25.4,66.9,151.0
70.46,109.41,67.59,36.49,0.91,72.83,22.3,41.4,153.0
132.24,173.32,69.53,17.26,3.39,73.54,35.2,52.4,277.0
60.51,85.76,57.16,6.61,2.56,16.12,26.5,41.5,145.0
106.29,148.88,86.03,28.53,3.36,75.55,31.9,58.9,234.0
90.93,110.54,52.22,20.91,1.61,67.79,28.5,80.3,180.0
122.82,149.17,43.54,43.95,1.77,65.39,23.6,84.2,234.0
169.26,287.58,27.23,26.77,3.16,24.06,30.8,68.7,346.0
134.54,183.49,73.97,16.01,1.93,66.36,21.1,47.3,274.0
46.54,70.31,70.08,33.38,2.53,69.51,27.4,80.8,127.0
15.3,21.1,43.83,15.86,1.03,30.24,29.8,63.2,46.0
54.58,96.31,16.89,41.17,1.67,76.66,27.8,46.9,123.0
111.16,150.69,77.92,19.99,0.61,13.49,33.5,81.5,213.0
18.74,27.32,15.86,26.99,0.88,20.49,34.9,74.1,51.0
94.38,162.68,67.78,7.02,0.2,47.63,33.9,72.9,188.0
111.46,190.06,87.77,22.04,0.33,50.31,20.7,71.9,236.0
66.82,87.65,47.82,38.29,3.43,55.16,23.5,49.0,174.0
141.06,237.2,32.62,37.23,1.0,11.19,29.7,49.5,272.0
28.12,41.48,67.87,13.97,2.39,77.23,36.8,71.0,103.0
22.77,33.93,76.28,14.04,2.97,13.12,35.0,49.9,92.0
133.79,171.27,55.98,37.69,2.02,20.01,35.2,59.7,262.0
94.23,117.64,87.53,42.22,0.71,10.98,25.5,75.2,191.0
127.03,207.92,18.88,8.81,2.6,49.68,27.7,75.3,264.0
83.92,125.7,52.86,23.0,2.18,75.26,28.5,60.4,185.0
51.89,75.87,68.88,18.5,2.61,56.62,22.8,75.6,125.0
149.25,244.42,79.7,39.83,2.74,67.59,20.6,77.7,316.0
145.9,242.09,28.44,8.34,3.42,10.93,37.0,69.5,304.0
128.1,165.93,75.0,13.45,2.09,47.94,24.3,50.3,250.0
56.26,88.12,56.45,35.1,1.33,42.17,24.3,52.3,131.0
110.34,141.37,44.74,7.05,2.34,44.93,21.5,54.2,217.0
71.37,117.81,24.88,24.7,0.43,15.05,36.7,45.3,134.0
25.57,40.76,79.9,22.68,3.16,57.91,30.4,52.3,101.0
165.94,294.38,26.8,18.38,0.59,45.23,32.0,49.4,312.0
33.26,41.29,38.23,20.78,1.28,63.56,36.4,60.5,86.0
171.54,211.72,36.75,26.2,2.89,43.97,26.2,80.9,316.0
85.82,117.52,80.36,11.45,2.17,20.46,31.2,44.7,189.0
